"objectid","oldgrid_id","year","FVC","LST","NDVI","area","grid_id","new_site"
1,"10",2000,0.087116537,323.9419197,0.391070837,4199.996157,"JW-07_10","Jerra West"
2,"O",2000,0.108655549,313.583881,0.416225395,4203.453271,"JE-05_O","Jerra East"
3,"P",2000,0.127006028,310.8455769,0.427762566,4173.777787,"JE-06_P","Jerra East"
4,"G",2000,0.122806307,316.3645619,0.430765649,4157.94226,"JW-03_G","Jerra West"
5,"J3",2000,0.093684018,314.361017,0.400009667,3780.224328,"JE-03_3","Jerra East"
6,"H",2000,0.098789955,316.0461983,0.406903947,4060.415123,"JW-04_H","Jerra West"
7,"J4",2000,0.125924313,312.4922782,0.433561841,4093.709668,"JE-04_4","Jerra East"
8,"F",2000,0.133538823,317.2361754,0.439938512,4293.371549,"JW-02_F","Jerra West"
9,"U",2000,0.107132249,313.7414158,0.415595304,4515.913727,"JE-01_U","Jerra East"
10,"13",2000,0.106446856,317.1223107,0.41433336,4200.000235,"JW-08_13","Jerra West"
11,"E",2000,0.073670506,314.6506807,0.377767865,4047.964336,"JW-01_E","Jerra West"
12,"8",2000,0.161124695,316.5296804,0.463552882,4199.995909,"JE-08_8","Jerra East"
13,"Y",2000,0.118079019,313.8669405,0.42590957,4147.239869,"JE-02_Y","Jerra East"
14,"7",2000,0.106287649,316.5474888,0.412325844,4199.997896,"JE-07_7","Jerra East"
15,"25",2000,0.106350251,314.885819,0.411198934,4200.006086,"JW-12_25","Jerra West"
16,"AK",2000,0.07539056,315.8164883,0.37989646,4256.184632,"AP-04_K","Aerial Paddock"
17,"AL",2000,0.128458995,314.9535709,0.435509533,4207.845543,"AP-03_L","Aerial Paddock"
18,"15",2000,0.206693983,312.5122508,0.49939858,4200.002025,"JW-10_15","Jerra West"
19,"16",2000,0.225679985,313.5737413,0.512852035,4199.999092,"JW-11_16","Jerra West"
20,"14",2000,0.13054913,316.7117183,0.438091946,4199.999582,"JW-09_14","Jerra West"
21,"BI",2000,0.068769171,317.0468447,0.372339482,4149.82822,"BW-03_I","Bonshaw"
22,"BJ",2000,0.039841289,323.2781569,0.327372035,4398.570579,"BW-04_J","Bonshaw"
23,"L",2000,0.052869163,320.0944719,0.351335405,4108.922216,"CA-03_L","Cookanalla"
24,"I",2000,0.072571522,322.8222924,0.376979801,4621.047032,"CA-04_I","Cookanalla"
25,"J",2000,0.057485787,318.8409327,0.356524821,4164.535806,"CA-01_J","Cookanalla"
26,"K",2000,0.05659414,317.9825525,0.355718843,4101.568373,"CA-02_K","Cookanalla"
27,"NE",2000,0.053977131,322.4436118,0.35228061,4160.039322,"AT-01_NE","Airport"
28,"NW",2000,0.095093683,321.7805011,0.400995448,4284.79668,"AT-02_NW","Airport"
29,"A",2000,0.066733289,319.944126,0.367394448,6617.514112,"MA-01_A","Majura"
30,"B",2000,0.073107341,321.1444799,0.377740591,6007.426762,"MA-02_B","Majura"
31,"D",2000,0.060041231,320.3409909,0.360129461,5900.719144,"MA-04_D","Majura"
32,"C",2000,0.088032869,320.1485272,0.394880576,5810.724458,"MA-03_C","Majura"
1,"10",2001,0.069923753,322.8637071,0.367105936,4199.996157,"JW-07_10","Jerra West"
2,"O",2001,0.060196595,319.673702,0.353870908,4203.453271,"JE-05_O","Jerra East"
3,"P",2001,0.089639863,317.3835346,0.383088659,4173.777787,"JE-06_P","Jerra East"
4,"G",2001,0.066570136,329.7221704,0.364433326,4157.94226,"JW-03_G","Jerra West"
5,"J3",2001,0.04938476,321.2577872,0.338008856,3780.224328,"JE-03_3","Jerra East"
6,"H",2001,0.057509832,329.2237747,0.351277237,4060.415123,"JW-04_H","Jerra West"
7,"J4",2001,0.068148978,319.4010368,0.3636756,4093.709668,"JE-04_4","Jerra East"
8,"F",2001,0.080641014,328.9888643,0.382631772,4293.371549,"JW-02_F","Jerra West"
9,"U",2001,0.051523727,320.180291,0.340506166,4515.913727,"JE-01_U","Jerra East"
10,"13",2001,0.06155829,329.6361207,0.357401641,4200.000235,"JW-08_13","Jerra West"
11,"E",2001,0.037319063,328.0557834,0.322712501,4047.964336,"JW-01_E","Jerra West"
12,"8",2001,0.074780781,319.8522722,0.366788316,4199.995909,"JE-08_8","Jerra East"
13,"Y",2001,0.069583288,319.249936,0.36989339,4147.239869,"JE-02_Y","Jerra East"
14,"7",2001,0.046902253,319.3770007,0.329714814,4199.997896,"JE-07_7","Jerra East"
15,"25",2001,0.051771037,330.3900269,0.342606047,4200.006086,"JW-12_25","Jerra West"
16,"AK",2001,0.025838062,326.0697115,0.292872727,4256.184632,"AP-04_K","Aerial Paddock"
17,"AL",2001,0.039797008,325.7542669,0.320957024,4207.845543,"AP-03_L","Aerial Paddock"
18,"15",2001,0.101287432,318.4843916,0.401943371,4200.002025,"JW-10_15","Jerra West"
19,"16",2001,0.085353937,323.669472,0.37970571,4199.999092,"JW-11_16","Jerra West"
20,"14",2001,0.067675237,324.237329,0.360981235,4199.999582,"JW-09_14","Jerra West"
21,"BI",2001,0.031508103,319.1660899,0.3068292,4149.82822,"BW-03_I","Bonshaw"
22,"BJ",2001,0.023694257,323.5115647,0.283302427,4398.570579,"BW-04_J","Bonshaw"
23,"L",2001,0.015610816,321.7198956,0.266957283,4108.922216,"CA-03_L","Cookanalla"
24,"I",2001,0.004817578,333.8029388,0.23616996,4621.047032,"CA-04_I","Cookanalla"
25,"J",2001,0.002226239,335.0946393,0.223972132,4164.535806,"CA-01_J","Cookanalla"
26,"K",2001,0.008477148,330.3345629,0.255532187,4101.568373,"CA-02_K","Cookanalla"
27,"NE",2001,0.027582452,330.9370611,0.303823631,4160.039322,"AT-01_NE","Airport"
28,"NW",2001,0.030343115,331.1809154,0.310664652,4284.79668,"AT-02_NW","Airport"
29,"A",2001,0.035645087,326.3789547,0.319228424,6617.514112,"MA-01_A","Majura"
30,"B",2001,0.050843327,328.6696225,0.345955514,6007.426762,"MA-02_B","Majura"
31,"D",2001,0.036863856,327.3758525,0.32287243,5900.719144,"MA-04_D","Majura"
32,"C",2001,0.069359526,327.3017596,0.36942537,5810.724458,"MA-03_C","Majura"
1,"10",2002,0.121699712,320.5374257,0.386811983,4199.996157,"JW-07_10","Jerra West"
2,"O",2002,0.116271375,317.1750184,0.381909548,4203.453271,"JE-05_O","Jerra East"
3,"P",2002,0.134115584,316.0119139,0.404906846,4173.777787,"JE-06_P","Jerra East"
4,"G",2002,0.094133693,319.1919764,0.36900531,4157.94226,"JW-03_G","Jerra West"
5,"J3",2002,0.126540555,317.6581079,0.389358307,3780.224328,"JE-03_3","Jerra East"
6,"H",2002,0.080170977,318.8370398,0.355390581,4060.415123,"JW-04_H","Jerra West"
7,"J4",2002,0.161104599,314.956339,0.420089014,4093.709668,"JE-04_4","Jerra East"
8,"F",2002,0.122007303,319.3336367,0.391992002,4293.371549,"JW-02_F","Jerra West"
9,"U",2002,0.148116651,315.9791473,0.401875415,4515.913727,"JE-01_U","Jerra East"
10,"13",2002,0.114609815,319.0818155,0.3828168,4200.000235,"JW-08_13","Jerra West"
11,"E",2002,0.081970898,316.8267985,0.360279575,4047.964336,"JW-01_E","Jerra West"
12,"8",2002,0.152047423,317.9915176,0.407708833,4199.995909,"JE-08_8","Jerra East"
13,"Y",2002,0.137864953,314.8665673,0.399255614,4147.239869,"JE-02_Y","Jerra East"
14,"7",2002,0.088462162,317.4893291,0.356831227,4199.997896,"JE-07_7","Jerra East"
15,"25",2002,0.102932327,319.6422686,0.375509656,4200.006086,"JW-12_25","Jerra West"
16,"AK",2002,0.180259901,316.8069109,0.414130471,4256.184632,"AP-04_K","Aerial Paddock"
17,"AL",2002,0.144347781,316.1227554,0.398258823,4207.845543,"AP-03_L","Aerial Paddock"
18,"15",2002,0.121012725,315.527413,0.399757198,4200.002025,"JW-10_15","Jerra West"
19,"16",2002,0.140626933,315.4927218,0.416096795,4199.999092,"JW-11_16","Jerra West"
20,"14",2002,0.122819451,316.2694857,0.397775762,4199.999582,"JW-09_14","Jerra West"
21,"BI",2002,0.065273171,312.1914165,0.294072932,4149.82822,"BW-03_I","Bonshaw"
22,"BJ",2002,0.13840166,319.191174,0.388512667,4398.570579,"BW-04_J","Bonshaw"
23,"L",2002,0.197062454,317.6772781,0.422248637,4108.922216,"CA-03_L","Cookanalla"
24,"I",2002,0.097547018,319.8099441,0.360850233,4621.047032,"CA-04_I","Cookanalla"
25,"J",2002,0.036298164,319.3745981,0.303179342,4164.535806,"CA-01_J","Cookanalla"
26,"K",2002,0.078912497,316.6184342,0.313400526,4101.568373,"CA-02_K","Cookanalla"
27,"NE",2002,0.092117055,308.4101963,0.305743285,4160.039322,"AT-01_NE","Airport"
28,"NW",2002,0.174067193,309.4047693,0.376577657,4284.79668,"AT-02_NW","Airport"
29,"A",2002,0.092058767,308.6178761,0.328334263,6617.514112,"MA-01_A","Majura"
30,"B",2002,0.128232483,309.8042322,0.356682022,6007.426762,"MA-02_B","Majura"
31,"D",2002,0.139761633,311.4038717,0.362491042,5900.719144,"MA-04_D","Majura"
32,"C",2002,0.145884115,311.6177611,0.386330483,5810.724458,"MA-03_C","Majura"
1,"10",2003,0.042360598,317.1836099,0.274354335,4199.996157,"JW-07_10","Jerra West"
2,"O",2003,0.020116913,316.2096903,0.215796871,4203.453271,"JE-05_O","Jerra East"
3,"P",2003,0.0088619,325.8017554,0.168632563,4173.777787,"JE-06_P","Jerra East"
4,"G",2003,0.009419269,327.5704341,0.161821662,4157.94226,"JW-03_G","Jerra West"
5,"J3",2003,0.007194424,330.257969,0.170637209,3780.224328,"JE-03_3","Jerra East"
6,"H",2003,0.010683517,326.2186442,0.163436601,4060.415123,"JW-04_H","Jerra West"
7,"J4",2003,0.009009436,328.8715971,0.162521377,4093.709668,"JE-04_4","Jerra East"
8,"F",2003,0.019221913,322.8530272,0.215837286,4293.371549,"JW-02_F","Jerra West"
9,"U",2003,0.00844632,329.8288646,0.169039871,4515.913727,"JE-01_U","Jerra East"
10,"13",2003,0.029714826,319.6491397,0.22849776,4200.000235,"JW-08_13","Jerra West"
11,"E",2003,0.019124647,319.9062388,0.20285485,4047.964336,"JW-01_E","Jerra West"
12,"8",2003,0.01254979,324.7670138,0.189166115,4199.995909,"JE-08_8","Jerra East"
13,"Y",2003,0.009843807,327.7240352,0.158483926,4147.239869,"JE-02_Y","Jerra East"
14,"7",2003,0.008807294,328.0859941,0.153121589,4199.997896,"JE-07_7","Jerra East"
15,"25",2003,0.010588475,325.1776943,0.193132435,4200.006086,"JW-12_25","Jerra West"
16,"AK",2003,0.007457256,329.6794295,0.165987013,4256.184632,"AP-04_K","Aerial Paddock"
17,"AL",2003,0.007581587,327.172403,0.17100332,4207.845543,"AP-03_L","Aerial Paddock"
18,"15",2003,0.007001331,326.7305854,0.17040159,4200.002025,"JW-10_15","Jerra West"
19,"16",2003,0.023145614,316.9876001,0.220609656,4199.999092,"JW-11_16","Jerra West"
20,"14",2003,0.021249658,320.9256769,0.211563446,4199.999582,"JW-09_14","Jerra West"
21,"BI",2003,0.045494452,313.1964637,0.258286149,4149.82822,"BW-03_I","Bonshaw"
22,"BJ",2003,0.034485155,319.5669641,0.244006005,4398.570579,"BW-04_J","Bonshaw"
23,"L",2003,0.045386128,318.7272816,0.242506341,4108.922216,"CA-03_L","Cookanalla"
24,"I",2003,0.03294835,324.0684044,0.222663747,4621.047032,"CA-04_I","Cookanalla"
25,"J",2003,0.018275837,320.8897023,0.215416215,4164.535806,"CA-01_J","Cookanalla"
26,"K",2003,0.025487472,325.5873767,0.215305051,4101.568373,"CA-02_K","Cookanalla"
27,"NE",2003,0.021995129,320.5672377,0.205437706,4160.039322,"AT-01_NE","Airport"
28,"NW",2003,0.052193598,317.5818303,0.277826286,4284.79668,"AT-02_NW","Airport"
29,"A",2003,0.016536162,318.8980851,0.189278765,6617.514112,"MA-01_A","Majura"
30,"B",2003,0.022623783,318.4723414,0.22023971,6007.426762,"MA-02_B","Majura"
31,"D",2003,0.026540177,317.4672377,0.22552914,5900.719144,"MA-04_D","Majura"
32,"C",2003,0.023624922,317.6855627,0.22156048,5810.724458,"MA-03_C","Majura"
1,"10",2004,0.01954726,320.4333252,0.290223484,4199.996157,"JW-07_10","Jerra West"
2,"O",2004,0.014479093,319.00076,0.276463787,4203.453271,"JE-05_O","Jerra East"
3,"P",2004,0.028383324,316.7299075,0.308406631,4173.777787,"JE-06_P","Jerra East"
4,"G",2004,0.014025902,319.052605,0.274987065,4157.94226,"JW-03_G","Jerra West"
5,"J3",2004,0.018080898,316.2845558,0.287209199,3780.224328,"JE-03_3","Jerra East"
6,"H",2004,0.012020671,317.9233875,0.270959833,4060.415123,"JW-04_H","Jerra West"
7,"J4",2004,0.021419922,312.1170452,0.287055324,4093.709668,"JE-04_4","Jerra East"
8,"F",2004,0.019033748,319.7111174,0.288680469,4293.371549,"JW-02_F","Jerra West"
9,"U",2004,0.016271121,314.2533091,0.266886494,4515.913727,"JE-01_U","Jerra East"
10,"13",2004,0.021731237,321.153757,0.295274363,4200.000235,"JW-08_13","Jerra West"
11,"E",2004,0.013293853,317.6435702,0.274106119,4047.964336,"JW-01_E","Jerra West"
12,"8",2004,0.025257231,319.8461018,0.302516683,4199.995909,"JE-08_8","Jerra East"
13,"Y",2004,0.01876624,316.3592329,0.276172457,4147.239869,"JE-02_Y","Jerra East"
14,"7",2004,0.016088631,319.2523962,0.280773837,4199.997896,"JE-07_7","Jerra East"
15,"25",2004,0.019660056,319.5632013,0.288741088,4200.006086,"JW-12_25","Jerra West"
16,"AK",2004,0.011689095,319.5856654,0.261947835,4256.184632,"AP-04_K","Aerial Paddock"
17,"AL",2004,0.013983497,317.1222254,0.264200388,4207.845543,"AP-03_L","Aerial Paddock"
18,"15",2004,0.045088103,319.7464972,0.336457564,4200.002025,"JW-10_15","Jerra West"
19,"16",2004,0.04630904,319.3752951,0.339569658,4199.999092,"JW-11_16","Jerra West"
20,"14",2004,0.037616451,320.3286587,0.327119596,4199.999582,"JW-09_14","Jerra West"
21,"BI",2004,0.010150093,320.3950958,0.264717793,4149.82822,"BW-03_I","Bonshaw"
22,"BJ",2004,0.008662106,319.3498192,0.258600202,4398.570579,"BW-04_J","Bonshaw"
23,"L",2004,0.014406992,318.4937732,0.276564317,4108.922216,"CA-03_L","Cookanalla"
24,"I",2004,0.011756225,321.3469503,0.269770786,4621.047032,"CA-04_I","Cookanalla"
25,"J",2004,0.00420692,320.4836577,0.238467149,4164.535806,"CA-01_J","Cookanalla"
26,"K",2004,0.008049612,319.8075996,0.25613395,4101.568373,"CA-02_K","Cookanalla"
27,"NE",2004,0.011120388,321.1301955,0.265807997,4160.039322,"AT-01_NE","Airport"
28,"NW",2004,0.018047241,319.0610065,0.286455207,4284.79668,"AT-02_NW","Airport"
29,"A",2004,0.009194048,319.6815832,0.254869995,6617.514112,"MA-01_A","Majura"
30,"B",2004,0.00803208,321.0669555,0.251999638,6007.426762,"MA-02_B","Majura"
31,"D",2004,0.006426201,322.3447118,0.241441363,5900.719144,"MA-04_D","Majura"
32,"C",2004,0.007475097,322.3210993,0.244611411,5810.724458,"MA-03_C","Majura"
1,"10",2005,2.23e-05,323.4927866,0.198510671,4199.996157,"JW-07_10","Jerra West"
2,"O",2005,0.005333634,321.4428487,0.246298018,4203.453271,"JE-05_O","Jerra East"
3,"P",2005,0.016771183,319.7923235,0.284298312,4173.777787,"JE-06_P","Jerra East"
4,"G",2005,0.00911461,317.6869759,0.255392469,4157.94226,"JW-03_G","Jerra West"
5,"J3",2005,0.007739843,319.512333,0.251383782,3780.224328,"JE-03_3","Jerra East"
6,"H",2005,0.009513499,319.1204174,0.262274279,4060.415123,"JW-04_H","Jerra West"
7,"J4",2005,0.013266453,318.460958,0.267241936,4093.709668,"JE-04_4","Jerra East"
8,"F",2005,0.0111796,317.7342587,0.254208855,4293.371549,"JW-02_F","Jerra West"
9,"U",2005,0.013251524,320.0770267,0.271317917,4515.913727,"JE-01_U","Jerra East"
10,"13",2005,0.014201128,316.2532453,0.273757378,4200.000235,"JW-08_13","Jerra West"
11,"E",2005,0.006996671,318.7758155,0.253555127,4047.964336,"JW-01_E","Jerra West"
12,"8",2005,0.000199,319.2195656,0.195343571,4199.995909,"JE-08_8","Jerra East"
13,"Y",2005,0.012304813,323.664425,0.2728674,4147.239869,"JE-02_Y","Jerra East"
14,"7",2005,0.000714,321.2793609,0.194693255,4199.997896,"JE-07_7","Jerra East"
15,"25",2005,0.012355176,315.8296936,0.269018963,4200.006086,"JW-12_25","Jerra West"
16,"AK",2005,0.008990933,321.2195998,0.260738445,4256.184632,"AP-04_K","Aerial Paddock"
17,"AL",2005,0.011438056,319.369592,0.269607266,4207.845543,"AP-03_L","Aerial Paddock"
18,"15",2005,0.021330631,320.6242428,0.291797118,4200.002025,"JW-10_15","Jerra West"
19,"16",2005,0.020543819,320.6028757,0.292825349,4199.999092,"JW-11_16","Jerra West"
20,"14",2005,0.018407628,322.4298397,0.288401124,4199.999582,"JW-09_14","Jerra West"
21,"BI",2005,0.015782993,318.1330649,0.274475628,4149.82822,"BW-03_I","Bonshaw"
22,"BJ",2005,0.026724379,316.9342076,0.294855952,4398.570579,"BW-04_J","Bonshaw"
23,"L",2005,0.010447282,319.2602841,0.262862975,4108.922216,"CA-03_L","Cookanalla"
24,"I",2005,0.018357879,321.1805018,0.273867177,4621.047032,"CA-04_I","Cookanalla"
25,"J",2005,0.003318863,322.5020534,0.225061284,4164.535806,"CA-01_J","Cookanalla"
26,"K",2005,0.004815645,323.4038251,0.232404173,4101.568373,"CA-02_K","Cookanalla"
27,"NE",2005,0.024468578,315.8073164,0.298505869,4160.039322,"AT-01_NE","Airport"
28,"NW",2005,0.043724566,316.106805,0.332144241,4284.79668,"AT-02_NW","Airport"
29,"A",2005,0.018904488,317.0606995,0.282717528,6617.514112,"MA-01_A","Majura"
30,"B",2005,0.004839759,309.6549437,0.154438717,6007.426762,"MA-02_B","Majura"
31,"D",2005,0.022230772,318.1401752,0.288703256,5900.719144,"MA-04_D","Majura"
32,"C",2005,0.023996428,319.5506689,0.297553598,5810.724458,"MA-03_C","Majura"
1,"10",2006,0.016579297,313.3310534,0.280720304,4199.996157,"JW-07_10","Jerra West"
2,"O",2006,0.002265388,309.3093803,0.220504324,4203.453271,"JE-05_O","Jerra East"
3,"P",2006,0.001953504,308.1416988,0.220819257,4173.777787,"JE-06_P","Jerra East"
4,"G",2006,0.014135537,316.1823123,0.277789633,4157.94226,"JW-03_G","Jerra West"
5,"J3",2006,0.000752,310.3173322,0.196404661,3780.224328,"JE-03_3","Jerra East"
6,"H",2006,0.0170311,314.6409738,0.283276058,4060.415123,"JW-04_H","Jerra West"
7,"J4",2006,0.000468,309.4950634,0.205949681,4093.709668,"JE-04_4","Jerra East"
8,"F",2006,0.01515695,312.564265,0.279918466,4293.371549,"JW-02_F","Jerra West"
9,"U",2006,0.000286,310.8500898,0.201665283,4515.913727,"JE-01_U","Jerra East"
10,"13",2006,0.014639723,313.8334645,0.278192425,4200.000235,"JW-08_13","Jerra West"
11,"E",2006,0.005020491,308.5783967,0.231782786,4047.964336,"JW-01_E","Jerra West"
12,"8",2006,0.003557202,312.5842742,0.234778256,4199.995909,"JE-08_8","Jerra East"
13,"Y",2006,0.000878,311.5966724,0.215044245,4147.239869,"JE-02_Y","Jerra East"
14,"7",2006,0.001812856,312.7782296,0.223733593,4199.997896,"JE-07_7","Jerra East"
15,"25",2006,0.016397674,312.969753,0.282608072,4200.006086,"JW-12_25","Jerra West"
16,"AK",2006,0.000554,310.3508518,0.192381316,4256.184632,"AP-04_K","Aerial Paddock"
17,"AL",2006,0.000817,310.2659332,0.196737195,4207.845543,"AP-03_L","Aerial Paddock"
18,"15",2006,0.040659909,307.6939053,0.332441639,4200.002025,"JW-10_15","Jerra West"
19,"16",2006,0.034113255,308.9766638,0.31883802,4199.999092,"JW-11_16","Jerra West"
20,"14",2006,0.010806124,310.5676437,0.260879794,4199.999582,"JW-09_14","Jerra West"
21,"BI",2006,0.007480669,310.0728695,0.2543429,4149.82822,"BW-03_I","Bonshaw"
22,"BJ",2006,0.001598259,312.0981866,0.210722259,4398.570579,"BW-04_J","Bonshaw"
23,"L",2006,0.001393724,314.7587533,0.213764091,4108.922216,"CA-03_L","Cookanalla"
24,"I",2006,0.022307775,310.2550083,0.293631082,4621.047032,"CA-04_I","Cookanalla"
25,"J",2006,0.002015332,311.9033704,0.222641517,4164.535806,"CA-01_J","Cookanalla"
26,"K",2006,0.000419,310.8237795,0.202171021,4101.568373,"CA-02_K","Cookanalla"
27,"NE",2006,0.009902785,310.3400352,0.261113867,4160.039322,"AT-01_NE","Airport"
28,"NW",2006,0.02324479,310.7030175,0.29725229,4284.79668,"AT-02_NW","Airport"
29,"A",2006,0.001632648,312.2074698,0.223321152,6617.514112,"MA-01_A","Majura"
30,"B",2006,0.002278221,308.9796253,0.228841892,6007.426762,"MA-02_B","Majura"
31,"D",2006,0.00276811,312.4236802,0.230735631,5900.719144,"MA-04_D","Majura"
32,"C",2006,0.004278374,311.2283058,0.242658825,5810.724458,"MA-03_C","Majura"
1,"10",2007,0.025855475,328.185688,0.232364788,4199.996157,"JW-07_10","Jerra West"
2,"O",2007,0.004315265,328.2393073,0.179735016,4203.453271,"JE-05_O","Jerra East"
3,"P",2007,0.007032575,326.9328657,0.205446278,4173.777787,"JE-06_P","Jerra East"
4,"G",2007,0.023494181,326.0289384,0.221538006,4157.94226,"JW-03_G","Jerra West"
5,"J3",2007,0.008198752,331.0733216,0.198059848,3780.224328,"JE-03_3","Jerra East"
6,"H",2007,0.016282751,321.950685,0.237178489,4060.415123,"JW-04_H","Jerra West"
7,"J4",2007,0.003069812,337.1125825,0.164873204,4093.709668,"JE-04_4","Jerra East"
8,"F",2007,0.026707394,321.2612727,0.253568464,4293.371549,"JW-02_F","Jerra West"
9,"U",2007,0.002189285,338.0622398,0.169454294,4515.913727,"JE-01_U","Jerra East"
10,"13",2007,0.014076274,320.8174206,0.236892565,4200.000235,"JW-08_13","Jerra West"
11,"E",2007,0.016318092,321.9185548,0.228771724,4047.964336,"JW-01_E","Jerra West"
12,"8",2007,0.010973278,328.6132345,0.20673452,4199.995909,"JE-08_8","Jerra East"
13,"Y",2007,0.008759126,326.9950955,0.205363661,4147.239869,"JE-02_Y","Jerra East"
14,"7",2007,0.008416071,328.4668013,0.202941583,4199.997896,"JE-07_7","Jerra East"
15,"25",2007,0.020518013,321.3746355,0.245736474,4200.006086,"JW-12_25","Jerra West"
16,"AK",2007,0.005149721,329.1967015,0.193482204,4256.184632,"AP-04_K","Aerial Paddock"
17,"AL",2007,0.008735942,327.2425609,0.201087246,4207.845543,"AP-03_L","Aerial Paddock"
18,"15",2007,0.019811536,325.8522177,0.228254508,4200.002025,"JW-10_15","Jerra West"
19,"16",2007,0.017066387,326.5321379,0.223909758,4199.999092,"JW-11_16","Jerra West"
20,"14",2007,0.066459182,319.4829285,0.333637865,4199.999582,"JW-09_14","Jerra West"
21,"BI",2007,0.025490406,326.2203577,0.253234696,4149.82822,"BW-03_I","Bonshaw"
22,"BJ",2007,0.035286826,327.0521387,0.255528936,4398.570579,"BW-04_J","Bonshaw"
23,"L",2007,0.023551149,325.0964412,0.259615861,4108.922216,"CA-03_L","Cookanalla"
24,"I",2007,0.037316111,325.6264121,0.257988091,4621.047032,"CA-04_I","Cookanalla"
25,"J",2007,0.010470994,327.4625578,0.207775427,4164.535806,"CA-01_J","Cookanalla"
26,"K",2007,0.025760376,328.3323268,0.243760027,4101.568373,"CA-02_K","Cookanalla"
27,"NE",2007,0.007662569,322.7166256,0.219576692,4160.039322,"AT-01_NE","Airport"
28,"NW",2007,0.034800915,321.6597271,0.27328588,4284.79668,"AT-02_NW","Airport"
29,"A",2007,0.004793358,335.7324704,0.158704577,6617.514112,"MA-01_A","Majura"
30,"B",2007,0.00486502,330.0388531,0.175052436,6007.426762,"MA-02_B","Majura"
31,"D",2007,0.008320054,329.2888604,0.187435141,5900.719144,"MA-04_D","Majura"
32,"C",2007,0.007411956,329.3046274,0.184424577,5810.724458,"MA-03_C","Majura"
1,"10",2008,0.061283053,316.0249567,0.360672451,4199.996157,"JW-07_10","Jerra West"
2,"O",2008,0.04539752,304.0901531,0.339497543,4203.453271,"JE-05_O","Jerra East"
3,"P",2008,0.06708412,296.9349004,0.368575492,4173.777787,"JE-06_P","Jerra East"
4,"G",2008,0.027213003,310.4242232,0.307070763,4157.94226,"JW-03_G","Jerra West"
5,"J3",2008,0.062745044,306.8662391,0.363209908,3780.224328,"JE-03_3","Jerra East"
6,"H",2008,0.025209511,305.1389797,0.301566376,4060.415123,"JW-04_H","Jerra West"
7,"J4",2008,0.072645494,306.6628058,0.376105929,4093.709668,"JE-04_4","Jerra East"
8,"F",2008,0.027925395,307.5173065,0.307992178,4293.371549,"JW-02_F","Jerra West"
9,"U",2008,0.05783823,306.2079417,0.357743694,4515.913727,"JE-01_U","Jerra East"
10,"13",2008,0.028868045,306.3036242,0.310900782,4200.000235,"JW-08_13","Jerra West"
11,"E",2008,0.022561263,308.6766821,0.297292292,4047.964336,"JW-01_E","Jerra West"
12,"8",2008,0.069708994,314.6191552,0.373227097,4199.995909,"JE-08_8","Jerra East"
13,"Y",2008,0.036239102,306.8059182,0.324995661,4147.239869,"JE-02_Y","Jerra East"
14,"7",2008,0.033785879,313.5538247,0.317597148,4199.997896,"JE-07_7","Jerra East"
15,"25",2008,0.028352713,309.1322381,0.309223972,4200.006086,"JW-12_25","Jerra West"
16,"AK",2008,0.069599976,306.2242575,0.372737332,4256.184632,"AP-04_K","Aerial Paddock"
17,"AL",2008,0.040139945,303.1399423,0.327848796,4207.845543,"AP-03_L","Aerial Paddock"
18,"15",2008,0.040285832,304.5602552,0.331129689,4200.002025,"JW-10_15","Jerra West"
19,"16",2008,0.04727815,305.2990367,0.342906293,4199.999092,"JW-11_16","Jerra West"
20,"14",2008,0.06080284,299.8840639,0.35992418,4199.999582,"JW-09_14","Jerra West"
21,"BI",2008,0.024102921,306.1989868,0.299743361,4149.82822,"BW-03_I","Bonshaw"
22,"BJ",2008,0.030606066,303.8574815,0.313563785,4398.570579,"BW-04_J","Bonshaw"
23,"L",2008,0.027250091,303.1785583,0.30672633,4108.922216,"CA-03_L","Cookanalla"
24,"I",2008,0.030822562,305.5316541,0.310119951,4621.047032,"CA-04_I","Cookanalla"
25,"J",2008,0.010977417,305.1856642,0.266560496,4164.535806,"CA-01_J","Cookanalla"
26,"K",2008,0.017894957,305.8166711,0.28658225,4101.568373,"CA-02_K","Cookanalla"
27,"NE",2008,0.014581885,303.9989649,0.27377426,4160.039322,"AT-01_NE","Airport"
28,"NW",2008,0.043182316,305.9659551,0.334182656,4284.79668,"AT-02_NW","Airport"
29,"A",2008,0.028825161,313.7785033,0.293699813,6617.514112,"MA-01_A","Majura"
30,"B",2008,0.018596307,308.3225256,0.283458375,6007.426762,"MA-02_B","Majura"
31,"D",2008,0.016682817,308.1432917,0.280862469,5900.719144,"MA-04_D","Majura"
32,"C",2008,0.015887553,303.7937398,0.278966432,5810.724458,"MA-03_C","Majura"
1,"10",2009,0.023610144,313.0594384,0.289118028,4199.996157,"JW-07_10","Jerra West"
2,"O",2009,0.011889194,311.0407929,0.247361318,4203.453271,"JE-05_O","Jerra East"
3,"P",2009,0.018241661,309.961784,0.259865429,4173.777787,"JE-06_P","Jerra East"
4,"G",2009,0.008743992,311.7069316,0.244063645,4157.94226,"JW-03_G","Jerra West"
5,"J3",2009,0.016255991,308.304347,0.249224573,3780.224328,"JE-03_3","Jerra East"
6,"H",2009,0.012985283,310.8624255,0.255213325,4060.415123,"JW-04_H","Jerra West"
7,"J4",2009,0.034050502,310.7084986,0.287094011,4093.709668,"JE-04_4","Jerra East"
8,"F",2009,0.010385334,312.2957207,0.246317924,4293.371549,"JW-02_F","Jerra West"
9,"U",2009,0.041118714,313.6107561,0.305455954,4515.913727,"JE-01_U","Jerra East"
10,"13",2009,0.012749534,312.9378411,0.257758777,4200.000235,"JW-08_13","Jerra West"
11,"E",2009,0.008073753,308.7798864,0.23078286,4047.964336,"JW-01_E","Jerra West"
12,"8",2009,0.028932089,311.7808036,0.284292597,4199.995909,"JE-08_8","Jerra East"
13,"Y",2009,0.015396276,311.9300515,0.252549764,4147.239869,"JE-02_Y","Jerra East"
14,"7",2009,0.016656624,311.2245687,0.264241401,4199.997896,"JE-07_7","Jerra East"
15,"25",2009,0.011882306,312.4212789,0.256932767,4200.006086,"JW-12_25","Jerra West"
16,"AK",2009,0.028393914,309.5401597,0.282446322,4256.184632,"AP-04_K","Aerial Paddock"
17,"AL",2009,0.015821015,308.8805426,0.257144903,4207.845543,"AP-03_L","Aerial Paddock"
18,"15",2009,0.024339366,310.672044,0.279132985,4200.002025,"JW-10_15","Jerra West"
19,"16",2009,0.027103888,310.4046139,0.289434311,4199.999092,"JW-11_16","Jerra West"
20,"14",2009,0.023676509,311.5537233,0.283771159,4199.999582,"JW-09_14","Jerra West"
21,"BI",2009,0.016369396,310.8538898,0.268548027,4149.82822,"BW-03_I","Bonshaw"
22,"BJ",2009,0.015966371,312.5873309,0.2696596,4398.570579,"BW-04_J","Bonshaw"
23,"L",2009,0.010554799,308.924852,0.247123548,4108.922216,"CA-03_L","Cookanalla"
24,"I",2009,0.015753167,313.2057188,0.263436415,4621.047032,"CA-04_I","Cookanalla"
25,"J",2009,0.003281591,314.7119706,0.219461407,4164.535806,"CA-01_J","Cookanalla"
26,"K",2009,0.006960495,313.8716227,0.241226296,4101.568373,"CA-02_K","Cookanalla"
27,"NE",2009,0.020296462,308.3723227,0.274950795,4160.039322,"AT-01_NE","Airport"
28,"NW",2009,0.061059489,310.3683398,0.331076197,4284.79668,"AT-02_NW","Airport"
29,"A",2009,0.03492696,308.0986656,0.303301197,6617.514112,"MA-01_A","Majura"
30,"B",2009,0.024813292,307.9607009,0.285388193,6007.426762,"MA-02_B","Majura"
31,"D",2009,0.036108147,309.8401041,0.307602806,5900.719144,"MA-04_D","Majura"
32,"C",2009,0.034269859,309.6534102,0.30442473,5810.724458,"MA-03_C","Majura"
1,"10",2010,0.165460015,319.3823105,0.415064559,4199.996157,"JW-07_10","Jerra West"
2,"O",2010,0.060346747,317.790205,0.312802594,4203.453271,"JE-05_O","Jerra East"
3,"P",2010,0.07251755,316.6641013,0.328511507,4173.777787,"JE-06_P","Jerra East"
4,"G",2010,0.110605128,319.2184975,0.372691898,4157.94226,"JW-03_G","Jerra West"
5,"J3",2010,0.168572691,306.3824746,0.459700247,3780.224328,"JE-03_3","Jerra East"
6,"H",2010,0.133754381,318.7413892,0.398467517,4060.415123,"JW-04_H","Jerra West"
7,"J4",2010,0.056691132,332.6634393,0.258347271,4093.709668,"JE-04_4","Jerra East"
8,"F",2010,0.116032663,318.7928147,0.380951786,4293.371549,"JW-02_F","Jerra West"
9,"U",2010,0.004547041,338.8533083,0.201975359,4515.913727,"JE-01_U","Jerra East"
10,"13",2010,0.100882925,319.6785091,0.362193736,4200.000235,"JW-08_13","Jerra West"
11,"E",2010,0.218239902,304.6362484,0.505542775,4047.964336,"JW-01_E","Jerra West"
12,"8",2010,0.093516669,317.6719339,0.351834771,4199.995909,"JE-08_8","Jerra East"
13,"Y",2010,0.056927997,319.7695447,0.310628013,4147.239869,"JE-02_Y","Jerra East"
14,"7",2010,0.064406782,318.1405362,0.323553653,4199.997896,"JE-07_7","Jerra East"
15,"25",2010,0.151076382,306.5304914,0.447606947,4200.006086,"JW-12_25","Jerra West"
16,"AK",2010,0.053664818,316.9906298,0.305698254,4256.184632,"AP-04_K","Aerial Paddock"
17,"AL",2010,0.048933766,317.6090322,0.297779822,4207.845543,"AP-03_L","Aerial Paddock"
18,"15",2010,0.108307442,315.1770715,0.358669,4200.002025,"JW-10_15","Jerra West"
19,"16",2010,0.114950325,312.8982163,0.344337481,4199.999092,"JW-11_16","Jerra West"
20,"14",2010,0.114185071,318.1299112,0.375017232,4199.999582,"JW-09_14","Jerra West"
21,"BI",2010,0.091929926,321.1180682,0.342435869,4149.82822,"BW-03_I","Bonshaw"
22,"BJ",2010,0.089505051,317.9019006,0.347138503,4398.570579,"BW-04_J","Bonshaw"
23,"L",2010,0.091029154,322.7012274,0.341378223,4108.922216,"CA-03_L","Cookanalla"
24,"I",2010,0.105351639,321.0096658,0.341673548,4621.047032,"CA-04_I","Cookanalla"
25,"J",2010,0.039603202,319.6531009,0.281797928,4164.535806,"CA-01_J","Cookanalla"
26,"K",2010,0.070352388,316.147037,0.330013712,4101.568373,"CA-02_K","Cookanalla"
27,"NE",2010,0.126108346,313.2987127,0.389661284,4160.039322,"AT-01_NE","Airport"
28,"NW",2010,0.201122491,316.4564465,0.439811635,4284.79668,"AT-02_NW","Airport"
29,"A",2010,0.072423636,322.965842,0.30916125,6617.514112,"MA-01_A","Majura"
30,"B",2010,0.085091974,325.750055,0.316282102,6007.426762,"MA-02_B","Majura"
31,"D",2010,0.123836282,322.1084898,0.362495691,5900.719144,"MA-04_D","Majura"
32,"C",2010,0.093427435,321.6672692,0.341173986,5810.724458,"MA-03_C","Majura"
1,"10",2011,0.206497191,322.5453007,0.495479308,4199.996157,"JW-07_10","Jerra West"
2,"O",2011,0.183204885,320.791675,0.480949763,4203.453271,"JE-05_O","Jerra East"
3,"P",2011,0.167162532,320.2838426,0.468327037,4173.777787,"JE-06_P","Jerra East"
4,"G",2011,0.255437961,320.8517004,0.531955591,4157.94226,"JW-03_G","Jerra West"
5,"J3",2011,0.182033916,316.4520052,0.480075836,3780.224328,"JE-03_3","Jerra East"
6,"H",2011,0.22397847,321.1886024,0.509234464,4060.415123,"JW-04_H","Jerra West"
7,"J4",2011,0.188071266,318.9221535,0.485283368,4093.709668,"JE-04_4","Jerra East"
8,"F",2011,0.280005359,316.4022082,0.547647883,4293.371549,"JW-02_F","Jerra West"
9,"U",2011,0.161506201,319.4537602,0.457487635,4515.913727,"JE-01_U","Jerra East"
10,"13",2011,0.290124492,311.5318788,0.552428612,4200.000235,"JW-08_13","Jerra West"
11,"E",2011,0.224928211,315.6999308,0.512811744,4047.964336,"JW-01_E","Jerra West"
12,"8",2011,0.201627754,321.1225744,0.494785129,4199.995909,"JE-08_8","Jerra East"
13,"Y",2011,0.251398866,319.3774697,0.528671978,4147.239869,"JE-02_Y","Jerra East"
14,"7",2011,0.159283323,323.6435869,0.459427017,4199.997896,"JE-07_7","Jerra East"
15,"25",2011,0.262026767,317.4569192,0.535721658,4200.006086,"JW-12_25","Jerra West"
16,"AK",2011,0.082635983,323.162904,0.389254838,4256.184632,"AP-04_K","Aerial Paddock"
17,"AL",2011,0.123630899,324.8306672,0.431735244,4207.845543,"AP-03_L","Aerial Paddock"
18,"15",2011,0.151182371,322.3855836,0.456330423,4200.002025,"JW-10_15","Jerra West"
19,"16",2011,0.160969527,319.1684783,0.463669625,4199.999092,"JW-11_16","Jerra West"
20,"14",2011,0.212023028,313.460953,0.500674943,4199.999582,"JW-09_14","Jerra West"
21,"BI",2011,0.128958267,324.3720453,0.431186598,4149.82822,"BW-03_I","Bonshaw"
22,"BJ",2011,0.112197566,322.2983251,0.408868721,4398.570579,"BW-04_J","Bonshaw"
23,"L",2011,0.199619004,312.5329452,0.478972318,4108.922216,"CA-03_L","Cookanalla"
24,"I",2011,0.143242163,321.3701533,0.444398802,4621.047032,"CA-04_I","Cookanalla"
25,"J",2011,0.058768309,326.0435287,0.353169689,4164.535806,"CA-01_J","Cookanalla"
26,"K",2011,0.105627491,318.2832839,0.401452093,4101.568373,"CA-02_K","Cookanalla"
27,"NE",2011,0.192898259,319.7811412,0.485392599,4160.039322,"AT-01_NE","Airport"
28,"NW",2011,0.266082171,321.7589935,0.53570643,4284.79668,"AT-02_NW","Airport"
29,"A",2011,0.094848345,324.3195424,0.399520119,6617.514112,"MA-01_A","Majura"
30,"B",2011,0.134680531,324.9373091,0.442057606,6007.426762,"MA-02_B","Majura"
31,"D",2011,0.177820564,319.7436294,0.474564042,5900.719144,"MA-04_D","Majura"
32,"C",2011,0.195602253,320.3612152,0.486875389,5810.724458,"MA-03_C","Majura"
1,"10",2012,0.175126737,302.8788457,0.465518562,4199.996157,"JW-07_10","Jerra West"
2,"O",2012,0.191340773,298.8990828,0.471590378,4203.453271,"JE-05_O","Jerra East"
3,"P",2012,0.17844065,299.2814614,0.465869511,4173.777787,"JE-06_P","Jerra East"
4,"G",2012,0.133014941,298.0206833,0.437751988,4157.94226,"JW-03_G","Jerra West"
5,"J3",2012,0.180588534,303.6270282,0.467834341,3780.224328,"JE-03_3","Jerra East"
6,"H",2012,0.127357631,303.8887121,0.431623768,4060.415123,"JW-04_H","Jerra West"
7,"J4",2012,0.205676844,304.6763252,0.492083349,4093.709668,"JE-04_4","Jerra East"
8,"F",2012,0.129949192,302.0795615,0.426266653,4293.371549,"JW-02_F","Jerra West"
9,"U",2012,0.26558428,308.2507278,0.526826101,4515.913727,"JE-01_U","Jerra East"
10,"13",2012,0.161083813,302.9765999,0.455198597,4200.000235,"JW-08_13","Jerra West"
11,"E",2012,0.127323597,303.6905949,0.431729631,4047.964336,"JW-01_E","Jerra West"
12,"8",2012,0.158250944,308.3851605,0.45332411,4199.995909,"JE-08_8","Jerra East"
13,"Y",2012,0.186082231,307.5743477,0.478622645,4147.239869,"JE-02_Y","Jerra East"
14,"7",2012,0.105188186,309.5407379,0.408436016,4199.997896,"JE-07_7","Jerra East"
15,"25",2012,0.191944104,302.3327449,0.480523475,4200.006086,"JW-12_25","Jerra West"
16,"AK",2012,0.130157544,307.2638988,0.437383318,4256.184632,"AP-04_K","Aerial Paddock"
17,"AL",2012,0.114084582,306.9608839,0.422493806,4207.845543,"AP-03_L","Aerial Paddock"
18,"15",2012,0.118860346,301.7732389,0.425050939,4200.002025,"JW-10_15","Jerra West"
19,"16",2012,0.135737568,302.7947667,0.441483375,4199.999092,"JW-11_16","Jerra West"
20,"14",2012,0.117932879,302.7318016,0.422693283,4199.999582,"JW-09_14","Jerra West"
21,"BI",2012,0.140372354,297.7510142,0.434371496,4149.82822,"BW-03_I","Bonshaw"
22,"BJ",2012,0.158878509,306.1811452,0.444764508,4398.570579,"BW-04_J","Bonshaw"
23,"L",2012,0.123743939,305.0503371,0.422653924,4108.922216,"CA-03_L","Cookanalla"
24,"I",2012,0.187005859,300.6700123,0.47373522,4621.047032,"CA-04_I","Cookanalla"
25,"J",2012,0.058277697,299.422149,0.355315219,4164.535806,"CA-01_J","Cookanalla"
26,"K",2012,0.079582177,309.7174135,0.383360632,4101.568373,"CA-02_K","Cookanalla"
27,"NE",2012,0.102770467,311.8888421,0.386318204,4160.039322,"AT-01_NE","Airport"
28,"NW",2012,0.207058445,311.7010697,0.474720296,4284.79668,"AT-02_NW","Airport"
29,"A",2012,0.033607954,323.1524235,0.318556145,6617.514112,"MA-01_A","Majura"
30,"B",2012,0.037464188,318.8745234,0.323100845,6007.426762,"MA-02_B","Majura"
31,"D",2012,0.102473014,299.3417005,0.39826953,5900.719144,"MA-04_D","Majura"
32,"C",2012,0.098679699,303.2143351,0.393356191,5810.724458,"MA-03_C","Majura"
1,"10",2013,0.127214914,318.2258386,0.404904657,4199.996157,"JW-07_10","Jerra West"
2,"O",2013,0.052536021,317.8699585,0.338481431,4203.453271,"JE-05_O","Jerra East"
3,"P",2013,0.074986991,309.4918518,0.370933161,4173.777787,"JE-06_P","Jerra East"
4,"G",2013,0.075446179,311.2412914,0.369005049,4157.94226,"JW-03_G","Jerra West"
5,"J3",2013,0.011217738,330.9675793,0.264802008,3780.224328,"JE-03_3","Jerra East"
6,"H",2013,0.062072831,310.9413315,0.360863596,4060.415123,"JW-04_H","Jerra West"
7,"J4",2013,0.031098999,322.7898972,0.29984141,4093.709668,"JE-04_4","Jerra East"
8,"F",2013,0.075196224,313.0437966,0.367329683,4293.371549,"JW-02_F","Jerra West"
9,"U",2013,0.051239703,321.352621,0.319805579,4515.913727,"JE-01_U","Jerra East"
10,"13",2013,0.057393166,319.6378841,0.346533488,4200.000235,"JW-08_13","Jerra West"
11,"E",2013,0.022155309,327.295247,0.295464352,4047.964336,"JW-01_E","Jerra West"
12,"8",2013,0.067133145,325.1737384,0.353873994,4199.995909,"JE-08_8","Jerra East"
13,"Y",2013,0.047381644,319.7943846,0.332637651,4147.239869,"JE-02_Y","Jerra East"
14,"7",2013,0.05280549,325.0628432,0.338321338,4199.997896,"JE-07_7","Jerra East"
15,"25",2013,0.074341368,323.2725367,0.347653233,4200.006086,"JW-12_25","Jerra West"
16,"AK",2013,0.03299384,321.4309072,0.300850068,4256.184632,"AP-04_K","Aerial Paddock"
17,"AL",2013,0.033218349,320.1381761,0.306158999,4207.845543,"AP-03_L","Aerial Paddock"
18,"15",2013,0.035036752,319.3035009,0.319101604,4200.002025,"JW-10_15","Jerra West"
19,"16",2013,0.034429326,319.4180614,0.315333121,4199.999092,"JW-11_16","Jerra West"
20,"14",2013,0.040646971,317.8483545,0.325782687,4199.999582,"JW-09_14","Jerra West"
21,"BI",2013,0.03736708,318.8174388,0.315027957,4149.82822,"BW-03_I","Bonshaw"
22,"BJ",2013,0.042081711,311.7477765,0.329066166,4398.570579,"BW-04_J","Bonshaw"
23,"L",2013,0.023594959,315.8625694,0.291674139,4108.922216,"CA-03_L","Cookanalla"
24,"I",2013,0.050036889,308.176044,0.340370403,4621.047032,"CA-04_I","Cookanalla"
25,"J",2013,0.023759695,309.662115,0.299573447,4164.535806,"CA-01_J","Cookanalla"
26,"K",2013,0.020730911,309.2535705,0.288291867,4101.568373,"CA-02_K","Cookanalla"
27,"NE",2013,0.017751921,331.1114836,0.281460925,4160.039322,"AT-01_NE","Airport"
28,"NW",2013,0.050008,331.3769225,0.339047483,4284.79668,"AT-02_NW","Airport"
29,"A",2013,0.024505607,321.5188183,0.295784132,6617.514112,"MA-01_A","Majura"
30,"B",2013,0.021356656,326.5145185,0.293699601,6007.426762,"MA-02_B","Majura"
31,"D",2013,0.019204806,319.2682175,0.290005822,5900.719144,"MA-04_D","Majura"
32,"C",2013,0.027083119,318.2526545,0.307798973,5810.724458,"MA-03_C","Majura"
1,"10",2014,0.013417977,345.9320958,0.274518668,4199.996157,"JW-07_10","Jerra West"
2,"O",2014,0.006042998,331.85685,0.238299184,4203.453271,"JE-05_O","Jerra East"
3,"P",2014,0.002609457,331.2860577,0.225963508,4173.777787,"JE-06_P","Jerra East"
4,"G",2014,0.001515974,330.3110212,0.222140512,4157.94226,"JW-03_G","Jerra West"
5,"J3",2014,0.010400924,320.4082329,0.265384639,3780.224328,"JE-03_3","Jerra East"
6,"H",2014,0.001660944,329.1610411,0.224690302,4060.415123,"JW-04_H","Jerra West"
7,"J4",2014,0.008731048,328.5762951,0.257855506,4093.709668,"JE-04_4","Jerra East"
8,"F",2014,0.004806404,328.8967961,0.243633417,4293.371549,"JW-02_F","Jerra West"
9,"U",2014,0.00867755,329.7433406,0.252574378,4515.913727,"JE-01_U","Jerra East"
10,"13",2014,0.005167239,327.4622988,0.245051,4200.000235,"JW-08_13","Jerra West"
11,"E",2014,0.005292935,316.8499886,0.246419375,4047.964336,"JW-01_E","Jerra West"
12,"8",2014,0.000607,351.1146933,0.215332478,4199.995909,"JE-08_8","Jerra East"
13,"Y",2014,0.005551904,327.0451407,0.24739064,4147.239869,"JE-02_Y","Jerra East"
14,"7",2014,0.000412,349.7709835,0.209028569,4199.997896,"JE-07_7","Jerra East"
15,"25",2014,0.002409158,317.5306992,0.230416414,4200.006086,"JW-12_25","Jerra West"
16,"AK",2014,0.000712,335.8745501,0.212923163,4256.184632,"AP-04_K","Aerial Paddock"
17,"AL",2014,0.001775751,336.268076,0.217520737,4207.845543,"AP-03_L","Aerial Paddock"
18,"15",2014,0.008536218,334.2844055,0.26026857,4200.002025,"JW-10_15","Jerra West"
19,"16",2014,0.00881641,337.5344909,0.261486415,4199.999092,"JW-11_16","Jerra West"
20,"14",2014,0.009999443,329.5684163,0.259473206,4199.999582,"JW-09_14","Jerra West"
21,"BI",2014,0.002479452,337.2462753,0.217315732,4149.82822,"BW-03_I","Bonshaw"
22,"BJ",2014,0.002667435,339.0317734,0.207052569,4398.570579,"BW-04_J","Bonshaw"
23,"L",2014,0.001520991,336.3139196,0.200327069,4108.922216,"CA-03_L","Cookanalla"
24,"I",2014,0.015011143,326.4771932,0.259632754,4621.047032,"CA-04_I","Cookanalla"
25,"J",2014,0.001641279,334.3621063,0.206954008,4164.535806,"CA-01_J","Cookanalla"
26,"K",2014,0.001392848,332.4925071,0.206082116,4101.568373,"CA-02_K","Cookanalla"
27,"NE",2014,0.113121816,313.9275201,0.369370142,4160.039322,"AT-01_NE","Airport"
28,"NW",2014,0.169026791,319.9233427,0.406499381,4284.79668,"AT-02_NW","Airport"
29,"A",2014,0.118950985,319.5756444,0.366850195,6617.514112,"MA-01_A","Majura"
30,"B",2014,0.065274103,320.2968304,0.295824207,6007.426762,"MA-02_B","Majura"
31,"D",2014,0.012543539,326.7417736,0.251180255,5900.719144,"MA-04_D","Majura"
32,"C",2014,0.00426752,328.4474882,0.241296879,5810.724458,"MA-03_C","Majura"
1,"10",2015,0.160702077,321.2197772,0.456512344,4199.996157,"JW-07_10","Jerra West"
2,"O",2015,0.038295152,311.3050946,0.328822778,4203.453271,"JE-05_O","Jerra East"
3,"P",2015,0.07822913,309.0421063,0.382795826,4173.777787,"JE-06_P","Jerra East"
4,"G",2015,0.115696831,310.2712484,0.405476249,4157.94226,"JW-03_G","Jerra West"
5,"J3",2015,0.05273806,305.1447181,0.34603823,3780.224328,"JE-03_3","Jerra East"
6,"H",2015,0.110655479,298.3163634,0.418499689,4060.415123,"JW-04_H","Jerra West"
7,"J4",2015,0.071808756,301.9470379,0.371935111,4093.709668,"JE-04_4","Jerra East"
8,"F",2015,0.147028364,306.8023488,0.44577373,4293.371549,"JW-02_F","Jerra West"
9,"U",2015,0.082183342,301.9053838,0.387921835,4515.913727,"JE-01_U","Jerra East"
10,"13",2015,0.11368706,304.6803687,0.419052288,4200.000235,"JW-08_13","Jerra West"
11,"E",2015,0.079395329,299.9137129,0.385519378,4047.964336,"JW-01_E","Jerra West"
12,"8",2015,0.050471657,308.2658409,0.344697673,4199.995909,"JE-08_8","Jerra East"
13,"Y",2015,0.07956747,301.5898257,0.382223381,4147.239869,"JE-02_Y","Jerra East"
14,"7",2015,0.033223153,308.1829408,0.31664194,4199.997896,"JE-07_7","Jerra East"
15,"25",2015,0.065942008,300.0207317,0.368141393,4200.006086,"JW-12_25","Jerra West"
16,"AK",2015,0.091726953,304.587249,0.397193688,4256.184632,"AP-04_K","Aerial Paddock"
17,"AL",2015,0.067262677,305.1012015,0.369725684,4207.845543,"AP-03_L","Aerial Paddock"
18,"15",2015,0.108187646,314.6955941,0.409183629,4200.002025,"JW-10_15","Jerra West"
19,"16",2015,0.103344297,312.5557625,0.400529412,4199.999092,"JW-11_16","Jerra West"
20,"14",2015,0.062996512,302.7180616,0.355896436,4199.999582,"JW-09_14","Jerra West"
21,"BI",2015,0.028320849,311.0658708,0.309917442,4149.82822,"BW-03_I","Bonshaw"
22,"BJ",2015,0.013641647,308.5703578,0.274728107,4398.570579,"BW-04_J","Bonshaw"
23,"L",2015,0.051678487,305.648819,0.339450524,4108.922216,"CA-03_L","Cookanalla"
24,"I",2015,0.039649379,309.6325131,0.33082651,4621.047032,"CA-04_I","Cookanalla"
25,"J",2015,0.016257066,309.3521532,0.283241509,4164.535806,"CA-01_J","Cookanalla"
26,"K",2015,0.056792532,315.7361679,0.352153597,4101.568373,"CA-02_K","Cookanalla"
27,"NE",2015,0.009299276,299.6522689,0.260219293,4160.039322,"AT-01_NE","Airport"
28,"NW",2015,0.138090267,302.4114319,0.41645087,4284.79668,"AT-02_NW","Airport"
29,"A",2015,0.036295004,312.6988934,0.304701141,6617.514112,"MA-01_A","Majura"
30,"B",2015,0.022643258,305.7814743,0.218212147,6007.426762,"MA-02_B","Majura"
31,"D",2015,NA,NA,NA,5900.719144,"MA-04_D","Majura"
32,"C",2015,NA,NA,NA,5810.724458,"MA-03_C","Majura"
1,"10",2016,0.050246585,326.3611783,0.34522959,4199.996157,"JW-07_10","Jerra West"
2,"O",2016,0.021118396,319.209157,0.29140678,4203.453271,"JE-05_O","Jerra East"
3,"P",2016,0.025033893,317.9171838,0.290567244,4173.777787,"JE-06_P","Jerra East"
4,"G",2016,0.052275382,325.8567846,0.34951442,4157.94226,"JW-03_G","Jerra West"
5,"J3",2016,0.031131138,325.9148674,0.305590321,3780.224328,"JE-03_3","Jerra East"
6,"H",2016,0.041019755,325.1570996,0.33142906,4060.415123,"JW-04_H","Jerra West"
7,"J4",2016,0.006962337,323.5325105,0.254798698,4093.709668,"JE-04_4","Jerra East"
8,"F",2016,0.07121806,326.8257833,0.37462615,4293.371549,"JW-02_F","Jerra West"
9,"U",2016,NA,NA,NA,4515.913727,"JE-01_U","Jerra East"
10,"13",2016,0.037851145,323.1082017,0.311692689,4200.000235,"JW-08_13","Jerra West"
11,"E",2016,0.0784637,324.1004132,0.381712604,4047.964336,"JW-01_E","Jerra West"
12,"8",2016,0.042865316,327.662577,0.334669349,4199.995909,"JE-08_8","Jerra East"
13,"Y",2016,0.098879446,325.0966893,0.406875828,4147.239869,"JE-02_Y","Jerra East"
14,"7",2016,0.033258901,324.2206689,0.317732898,4199.997896,"JE-07_7","Jerra East"
15,"25",2016,0.036919402,328.4341627,0.3197882,4200.006086,"JW-12_25","Jerra West"
16,"AK",2016,0.026776162,327.7983226,0.302254311,4256.184632,"AP-04_K","Aerial Paddock"
17,"AL",2016,0.033709249,326.6123316,0.318429031,4207.845543,"AP-03_L","Aerial Paddock"
18,"15",2016,0.029181019,320.9243768,0.31102067,4200.002025,"JW-10_15","Jerra West"
19,"16",2016,0.034434201,325.466429,0.31989187,4199.999092,"JW-11_16","Jerra West"
20,"14",2016,0.037229529,322.9647628,0.319576991,4199.999582,"JW-09_14","Jerra West"
21,"BI",2016,0.025117122,316.5399965,0.30364801,4149.82822,"BW-03_I","Bonshaw"
22,"BJ",2016,0.044839032,316.7409816,0.333523473,4398.570579,"BW-04_J","Bonshaw"
23,"L",2016,0.022552336,325.2050193,0.297754603,4108.922216,"CA-03_L","Cookanalla"
24,"I",2016,0.083041587,316.6419807,0.384200094,4621.047032,"CA-04_I","Cookanalla"
25,"J",2016,0.029033079,316.1318021,0.296913317,4164.535806,"CA-01_J","Cookanalla"
26,"K",2016,0.013020337,319.599374,0.271044234,4101.568373,"CA-02_K","Cookanalla"
27,"NE",2016,0.045041643,326.4209007,0.326215488,4160.039322,"AT-01_NE","Airport"
28,"NW",2016,0.104521906,324.6924461,0.394903262,4284.79668,"AT-02_NW","Airport"
29,"A",2016,0.028253322,319.1396172,0.303867304,6617.514112,"MA-01_A","Majura"
30,"B",2016,0.024499653,319.5040862,0.297178178,6007.426762,"MA-02_B","Majura"
31,"D",2016,0.038997158,319.0524794,0.324302082,5900.719144,"MA-04_D","Majura"
32,"C",2016,0.032305321,319.5738697,0.313040652,5810.724458,"MA-03_C","Majura"
1,"10",2017,0.023698725,332.1415229,0.289611734,4199.996157,"JW-07_10","Jerra West"
2,"O",2017,0.006833517,323.6097035,0.236191384,4203.453271,"JE-05_O","Jerra East"
3,"P",2017,0.007189399,315.8147394,0.229572143,4173.777787,"JE-06_P","Jerra East"
4,"G",2017,0.024194799,330.1974889,0.294837343,4157.94226,"JW-03_G","Jerra West"
5,"J3",2017,0.000276,329.0193261,0.204136345,3780.224328,"JE-03_3","Jerra East"
6,"H",2017,0.019288116,328.4832716,0.272512296,4060.415123,"JW-04_H","Jerra West"
7,"J4",2017,0.001448468,326.4799312,0.222449531,4093.709668,"JE-04_4","Jerra East"
8,"F",2017,0.021748881,329.5005989,0.278073993,4293.371549,"JW-02_F","Jerra West"
9,"U",2017,0.00518134,313.8229956,0.18830366,4515.913727,"JE-01_U","Jerra East"
10,"13",2017,0.004633685,324.711332,0.205709987,4200.000235,"JW-08_13","Jerra West"
11,"E",2017,0.004783592,329.3915481,0.234449245,4047.964336,"JW-01_E","Jerra West"
12,"8",2017,0.006700984,322.0325188,0.228005346,4199.995909,"JE-08_8","Jerra East"
13,"Y",2017,0.011909416,322.3471005,0.256298915,4147.239869,"JE-02_Y","Jerra East"
14,"7",2017,0.004089972,322.6866842,0.218506609,4199.997896,"JE-07_7","Jerra East"
15,"25",2017,0.003308686,329.1097206,0.210781997,4200.006086,"JW-12_25","Jerra West"
16,"AK",2017,0.0046729,325.5946052,0.228755535,4256.184632,"AP-04_K","Aerial Paddock"
17,"AL",2017,0.003425734,326.2534347,0.22650931,4207.845543,"AP-03_L","Aerial Paddock"
18,"15",2017,0.015052644,327.2329098,0.248286586,4200.002025,"JW-10_15","Jerra West"
19,"16",2017,0.016342566,330.1989124,0.263345985,4199.999092,"JW-11_16","Jerra West"
20,"14",2017,0.004650626,320.8208524,0.211048793,4199.999582,"JW-09_14","Jerra West"
21,"BI",2017,0.005106889,328.0803987,0.237903037,4149.82822,"BW-03_I","Bonshaw"
22,"BJ",2017,0.00400675,327.9388995,0.231466907,4398.570579,"BW-04_J","Bonshaw"
23,"L",2017,0.001439446,325.4870633,0.215094457,4108.922216,"CA-03_L","Cookanalla"
24,"I",2017,0.012708379,328.2385161,0.256659611,4621.047032,"CA-04_I","Cookanalla"
25,"J",2017,0.003800645,325.5233197,0.226811924,4164.535806,"CA-01_J","Cookanalla"
26,"K",2017,0.002551767,325.2100501,0.216769763,4101.568373,"CA-02_K","Cookanalla"
27,"NE",2017,0.006081,335.6262709,0.250675171,4160.039322,"AT-01_NE","Airport"
28,"NW",2017,0.020187871,338.081035,0.291034415,4284.79668,"AT-02_NW","Airport"
29,"A",2017,0.01285174,328.8757497,0.268414327,6617.514112,"MA-01_A","Majura"
30,"B",2017,0.011583832,331.7895179,0.26517187,6007.426762,"MA-02_B","Majura"
31,"D",2017,0.021716531,325.727293,0.291946105,5900.719144,"MA-04_D","Majura"
32,"C",2017,0.025178542,327.3212215,0.299088131,5810.724458,"MA-03_C","Majura"
1,"10",2018,0.024877988,323.5987245,0.28768363,4199.996157,"JW-07_10","Jerra West"
2,"O",2018,0.014925218,322.0866205,0.2652829,4203.453271,"JE-05_O","Jerra East"
3,"P",2018,0.018295605,319.9828984,0.265837551,4173.777787,"JE-06_P","Jerra East"
4,"G",2018,0.024789124,327.0228165,0.294357915,4157.94226,"JW-03_G","Jerra West"
5,"J3",2018,0.017528623,324.444443,0.276873174,3780.224328,"JE-03_3","Jerra East"
6,"H",2018,0.016696674,323.2599641,0.27732992,4060.415123,"JW-04_H","Jerra West"
7,"J4",2018,0.024124778,325.9134274,0.29310097,4093.709668,"JE-04_4","Jerra East"
8,"F",2018,0.016994415,324.5360284,0.277439739,4293.371549,"JW-02_F","Jerra West"
9,"U",2018,0.021047258,324.5055742,0.285823099,4515.913727,"JE-01_U","Jerra East"
10,"13",2018,0.013079435,324.9979305,0.268188062,4200.000235,"JW-08_13","Jerra West"
11,"E",2018,0.019633846,321.4997094,0.285159589,4047.964336,"JW-01_E","Jerra West"
12,"8",2018,0.029602219,322.8469049,0.306945919,4199.995909,"JE-08_8","Jerra East"
13,"Y",2018,0.032578483,323.1218148,0.31418505,4147.239869,"JE-02_Y","Jerra East"
14,"7",2018,0.019982946,321.5336068,0.286302206,4199.997896,"JE-07_7","Jerra East"
15,"25",2018,0.012922431,324.9442182,0.267361745,4200.006086,"JW-12_25","Jerra West"
16,"AK",2018,0.029947982,321.6192373,0.309449804,4256.184632,"AP-04_K","Aerial Paddock"
17,"AL",2018,0.03344058,320.9862872,0.315778733,4207.845543,"AP-03_L","Aerial Paddock"
18,"15",2018,0.033070501,324.2360974,0.299299489,4200.002025,"JW-10_15","Jerra West"
19,"16",2018,0.037342027,324.2869452,0.314657932,4199.999092,"JW-11_16","Jerra West"
20,"14",2018,0.02250935,323.2723971,0.290274838,4199.999582,"JW-09_14","Jerra West"
21,"BI",2018,0.031016588,322.7658981,0.309894561,4149.82822,"BW-03_I","Bonshaw"
22,"BJ",2018,0.022708345,323.0721629,0.292806819,4398.570579,"BW-04_J","Bonshaw"
23,"L",2018,0.018578924,321.7408779,0.284425571,4108.922216,"CA-03_L","Cookanalla"
24,"I",2018,0.038953347,323.9557129,0.318597948,4621.047032,"CA-04_I","Cookanalla"
25,"J",2018,0.01354805,323.5803564,0.268885068,4164.535806,"CA-01_J","Cookanalla"
26,"K",2018,0.015321549,322.0351413,0.271853674,4101.568373,"CA-02_K","Cookanalla"
27,"NE",2018,0.023109222,320.6528413,0.293237445,4160.039322,"AT-01_NE","Airport"
28,"NW",2018,0.09363843,322.5780076,0.387209215,4284.79668,"AT-02_NW","Airport"
29,"A",2018,0.080081309,313.0463014,0.364598264,6617.514112,"MA-01_A","Majura"
30,"B",2018,0.074506133,316.2037073,0.359989228,6007.426762,"MA-02_B","Majura"
31,"D",2018,0.09157245,317.8314953,0.373304614,5900.719144,"MA-04_D","Majura"
32,"C",2018,0.063779992,318.8911109,0.343246253,5810.724458,"MA-03_C","Majura"
1,"10",2019,0.055226646,321.942456,0.350884231,4199.996157,"JW-07_10","Jerra West"
2,"O",2019,0.009532,321.649589,0.259913465,4203.453271,"JE-05_O","Jerra East"
3,"P",2019,0.029958887,320.3937343,0.307882028,4173.777787,"JE-06_P","Jerra East"
4,"G",2019,0.043792251,323.0006293,0.332428101,4157.94226,"JW-03_G","Jerra West"
5,"J3",2019,0.015911279,322.5467042,0.281572752,3780.224328,"JE-03_3","Jerra East"
6,"H",2019,0.018809254,321.3996008,0.287559591,4060.415123,"JW-04_H","Jerra West"
7,"J4",2019,0.015560863,322.8454693,0.281145316,4093.709668,"JE-04_4","Jerra East"
8,"F",2019,0.038715977,320.3682843,0.324870366,4293.371549,"JW-02_F","Jerra West"
9,"U",2019,0.023282738,322.6248831,0.294601606,4515.913727,"JE-01_U","Jerra East"
10,"13",2019,0.019816781,318.7979168,0.291440938,4200.000235,"JW-08_13","Jerra West"
11,"E",2019,0.025204365,320.7284513,0.303851982,4047.964336,"JW-01_E","Jerra West"
12,"8",2019,0.026176869,322.371676,0.300721891,4199.995909,"JE-08_8","Jerra East"
13,"Y",2019,0.034365993,319.2429042,0.31673657,4147.239869,"JE-02_Y","Jerra East"
14,"7",2019,0.014532588,321.9259814,0.272367768,4199.997896,"JE-07_7","Jerra East"
15,"25",2019,0.017962799,319.7716721,0.286657002,4200.006086,"JW-12_25","Jerra West"
16,"AK",2019,0.040370743,322.9016877,0.327770069,4256.184632,"AP-04_K","Aerial Paddock"
17,"AL",2019,0.034118762,321.2947805,0.317210464,4207.845543,"AP-03_L","Aerial Paddock"
18,"15",2019,0.042750274,321.3454492,0.32960856,4200.002025,"JW-10_15","Jerra West"
19,"16",2019,0.047718211,320.1631613,0.337591636,4199.999092,"JW-11_16","Jerra West"
20,"14",2019,0.02085479,320.3618469,0.294006175,4199.999582,"JW-09_14","Jerra West"
21,"BI",2019,0.032533077,322.2823084,0.315752491,4149.82822,"BW-03_I","Bonshaw"
22,"BJ",2019,0.03182369,321.705018,0.313974144,4398.570579,"BW-04_J","Bonshaw"
23,"L",2019,0.029042366,319.9737204,0.310453425,4108.922216,"CA-03_L","Cookanalla"
24,"I",2019,0.028297038,323.7339964,0.305291206,4621.047032,"CA-04_I","Cookanalla"
25,"J",2019,0.01008603,322.4977886,0.258538,4164.535806,"CA-01_J","Cookanalla"
26,"K",2019,0.032956284,320.405544,0.316884651,4101.568373,"CA-02_K","Cookanalla"
27,"NE",2019,0.036813474,321.0325508,0.323190148,4160.039322,"AT-01_NE","Airport"
28,"NW",2019,0.096085745,322.2838285,0.399972718,4284.79668,"AT-02_NW","Airport"
29,"A",2019,0.029819863,318.8794545,0.310524102,6617.514112,"MA-01_A","Majura"
30,"B",2019,0.026724628,319.1679725,0.304255267,6007.426762,"MA-02_B","Majura"
31,"D",2019,0.040450124,320.9565605,0.328295911,5900.719144,"MA-04_D","Majura"
32,"C",2019,0.037679764,322.3755636,0.324955077,5810.724458,"MA-03_C","Majura"
1,"10",2020,0.274239872,303.9768487,0.544070188,4199.996157,"JW-07_10","Jerra West"
2,"O",2020,0.049252505,311.9703045,0.300368058,4203.453271,"JE-05_O","Jerra East"
3,"P",2020,0.069675597,313.4293361,0.311080268,4173.777787,"JE-06_P","Jerra East"
4,"G",2020,0.093431413,318.0634527,0.326788074,4157.94226,"JW-03_G","Jerra West"
5,"J3",2020,0.085490732,317.1260398,0.329955149,3780.224328,"JE-03_3","Jerra East"
6,"H",2020,0.090044437,316.9365684,0.319266992,4060.415123,"JW-04_H","Jerra West"
7,"J4",2020,0.071918594,322.2037002,0.299709187,4093.709668,"JE-04_4","Jerra East"
8,"F",2020,0.12925803,318.2993679,0.356728624,4293.371549,"JW-02_F","Jerra West"
9,"U",2020,0.057059458,321.6384279,0.274236456,4515.913727,"JE-01_U","Jerra East"
10,"13",2020,0.083246284,317.991157,0.326965753,4200.000235,"JW-08_13","Jerra West"
11,"E",2020,0.137545914,316.7166759,0.360336773,4047.964336,"JW-01_E","Jerra West"
12,"8",2020,0.181072794,303.5414694,0.476934061,4199.995909,"JE-08_8","Jerra East"
13,"Y",2020,0.137074987,302.4352917,0.443606618,4147.239869,"JE-02_Y","Jerra East"
14,"7",2020,0.059672445,306.7964878,0.335640216,4199.997896,"JE-07_7","Jerra East"
15,"25",2020,0.051770206,318.336849,0.292437772,4200.006086,"JW-12_25","Jerra West"
16,"AK",2020,0.067860179,312.1934461,0.32084005,4256.184632,"AP-04_K","Aerial Paddock"
17,"AL",2020,0.060660581,310.473415,0.310412802,4207.845543,"AP-03_L","Aerial Paddock"
18,"15",2020,0.0627709,314.4243342,0.314450679,4200.002025,"JW-10_15","Jerra West"
19,"16",2020,0.061077996,311.3180636,0.305345421,4199.999092,"JW-11_16","Jerra West"
20,"14",2020,0.086892617,318.9638207,0.326200605,4199.999582,"JW-09_14","Jerra West"
21,"BI",2020,0.119505281,316.4848289,0.376805198,4149.82822,"BW-03_I","Bonshaw"
22,"BJ",2020,0.089528119,317.8997134,0.321328606,4398.570579,"BW-04_J","Bonshaw"
23,"L",2020,0.076871008,317.0977667,0.319534368,4108.922216,"CA-03_L","Cookanalla"
24,"I",2020,0.103114941,316.4155444,0.331750581,4621.047032,"CA-04_I","Cookanalla"
25,"J",2020,0.027062671,317.0926416,0.253791843,4164.535806,"CA-01_J","Cookanalla"
26,"K",2020,0.069475703,317.3402872,0.311816797,4101.568373,"CA-02_K","Cookanalla"
27,"NE",2020,0.096684931,316.4884976,0.315922509,4160.039322,"AT-01_NE","Airport"
28,"NW",2020,0.191487273,319.351891,0.354804453,4284.79668,"AT-02_NW","Airport"
29,"A",2020,0.144599627,307.7212552,0.395526128,6617.514112,"MA-01_A","Majura"
30,"B",2020,0.07452465,311.5203462,0.306938698,6007.426762,"MA-02_B","Majura"
31,"D",2020,0.123857579,314.8909033,0.345687887,5900.719144,"MA-04_D","Majura"
32,"C",2020,0.093260136,314.7853003,0.324844749,5810.724458,"MA-03_C","Majura"
